Word,General Meaning,Example Sentence,Mnemonic Rule
Reconciliation,"Согласование / примирение (например, счетов или сторон)",The accountant performed a reconciliation of the bank statement with the company's ledger.,"Созвучно с 'Реконкиста' (отвоевание/возврат). Представьте бухгалтера, который пытается вернуть баланс (reconciliation) в норму, как испанцы возвращали свои земли."
Acquisition,"Приобретение / покупка (компании, активов)",The large corporation completed the acquisition of its smaller competitor last week.,"Созвучно с 'акция' + 'позиция'. Представьте компанию, которая скупает акции конкурента, чтобы приобрести (acquisition) новую позицию на рынке."
Proposal,Официальное предложение / план,The team submitted a proposal detailing the new marketing strategy and its expected costs.,"Созвучно с 'проза' + 'поза'. Представьте человека, который встал в позу и читает прозу, чтобы сделать официальное предложение (proposal)."
Adherence,Строгое соблюдение / приверженность (правилам или стандартам),Strict adherence to the safety guidelines is mandatory on the construction site.,"Созвучно с 'адгезия' (прилипание/сцепление). Как клей обеспечивает адгезию, так и сотрудник строго придерживается (adherence) правил и стандартов."
Feasible,Осуществимый / выполнимый,The engineer concluded that the design for the new bridge was technically feasible.,"Созвучно с 'физик был' (feas-ible). Представьте физика, который подтверждает: построить этот вечный двигатель физически возможно (feasible)."
Conduct,Проводить (мероприятие) / поведение,The committee decided to conduct a full investigation into the matter.,"Ассоциация с 'кондуктор'. Представьте кондуктора, который руководит посадкой (conduct) и следит за поведением пассажиров."
Plausible,Правдоподобный / вероятный,The detective found the suspect's alibi to be plausible but decided to check the facts anyway.,"Созвучно с 'плавать на Ибице' (plaus-ible). Друг говорит, что плавал на Ибице — это звучит правдоподобно (plausible)."
Clarity,Ясность / чёткость понимания,The presentation needed more clarity in the data visualization to convey the main point.,"Ассоциация с лекарством 'Кларитин' (от аллергии). Представьте, что выпили таблетку и в голове наступила полная ясность (clarity)."
Encompassing,Охватывающий / включающий в себя разрозненные элементы,"The new law is very broad, encompassing everything from minor traffic violations to major felonies.",Созвучно с 'in' + 'компас'. Стрелка компаса вращается по кругу и охватывает (encompassing) абсолютно все направления.
Conciseness,Краткость / лаконичность,The editor praised the author for the conciseness of his argument and its strong impact.,"Созвучно с 'конспект'. Представьте студента, который пишет краткий конспект, убирая всё лишнее для краткости (conciseness)."
Devoted,Преданный / посвящённый,She is a devoted volunteer who spends every weekend helping at the animal shelter.,"Созвучно с 'дева отдает' (dev-oted). Представьте преданную (devoted) деву, которая отдает всю свою жизнь заботе о приюте."
Myriad,Бесконечное множество / мириады,The library offers a myriad of resources for students conducting research.,Созвучно с русским 'мириады' (несметное число). Представьте мириады звезд на ночном небе — это бесконечное множество (myriad).
Postpone,Откладывать / переносить на позже,The committee voted to postpone the final decision until they had gathered more data.,"Созвучно с 'пост' (после) + 'телефон' (phone). Представьте, что вы откладываете (postpone) важный разговор на 'после звонка'."
Apparently,По-видимому / судя по всему,"Apparently, the new café across the street is already very popular, with lines out the door.","Созвучно с 'аппарат'. Представьте, что сложный аппарат внезапно заработал — по всей видимости (apparently), он исправен."
Assert,Твёрдо утверждать / отстаивать,"She was quick to assert her opinion during the meeting, making sure her voice was heard.","Созвучно с 'ассорти'. Представьте продавца, который твердо утверждает (assert), что его ассорти товаров — лучшее на рынке."
Concordance,Согласие / соответствие,There was a strong concordance between the two research studies.,"Ассоциация с самолетом 'Конкорд'. Представьте, что сверхзвуковой Конкорд летит в полном согласии (concordance) с законами аэродинамики."
Preliminary,Предварительный / вводный,We held a preliminary meeting to set the agenda for the conference.,"Созвучно с 'пре-' (перед) + 'лимит'. Представьте предварительный (preliminary) раунд соревнований, где отсеивают тех, кто превысил лимит."
Eligible,Имеющий право / подпадающий под критерии,You are eligible for a discount if you sign up before Friday.,"Созвучно с 'Илья джип купил' (Eli-gi-ble). Представьте Илью, который имеет право (eligible) на покупку джипа по льготной программе."
Discrepancies,Расхождения / несоответствия (в данных или отчетах),The auditor found several discrepancies in the financial records.,Созвучно с 'диск' + 'скрип'. Жесткий диск работает со скрипом (discrepancy) из-за расхождения и несоответствия в данных.
Admissible,Допустимый / приемлемый (в суде или качестве доказательства),The judge ruled that the video evidence was admissible.,"Созвучно с 'админ' + 'миссия'. Админ проверяет, какие улик и файлы допустимы (admissible) для предъявления на заседании."
Contrary,Вопреки / противоположный,"Contrary to the weather report, it was a beautiful sunny day.","Ассоциация с 'контра' (против в играх). Представьте команду террористов, которая действует вопреки (contrary) планам спецназа."
Budge,Сдвинуть с места / уступить в споре,"I tried to push the heavy door, but it wouldn't budge.","Созвучно с 'бейдж'. Представьте тяжелый бейдж на магните, который пытаются сдвинуть (budge) хоть на миллиметр, но он не поддается."
Ambiguity,Двусмысленность / неопределённость,"To avoid ambiguity, please write the instructions very clearly.","Созвучно с 'амби-' (двойной, как амбидекстр) + 'гуити'. Представьте фразу с двойным смыслом, которая вызывает двусмысленность (ambiguity)."
Contradictions,Противоречия / противоположные утверждения,There were many contradictions in the witness's story.,"Созвучно с 'контра' (против) + 'дикция'. Представьте человека, слова которого противоречат (contradiction) друг другу из-за плохой дикции."
Mandatory,Обязательный по закону или правилам,Wearing a seatbelt is mandatory for all passengers.,Ассоциация со словом 'мандат'. Человек с мандатом выполняет обязательные (mandatory) для всех законы.
Hit It Off,Быстро найти общий язык / поладить,"I was nervous about the blind date, but we really hit it off right away.","Ассоциация с 'хит'. Представьте двух музыкантов, чей дуэт сразу стал хитом (hit it off), потому что они быстро нашли общий язык."
Put Your Foot In It,Сказать глупость / совершить оплошность,"I really put my foot in it when I asked about his wife, forgetting they had divorced.","Буквально: 'вставить туда ногу'. Представьте, что вы случайно наступили ногой в грязь или торт на празднике — это смущающая оплошность."
Embarrassing,Смущающий / вызывающий неловкость или стыд,It was so embarrassing when my phone started ringing loudly during the movie.,"Созвучно с 'эмбарго' / 'баран'. Представьте, что на ввоз одежды наложили эмбарго, и человек вынужден прийти в бараньей шкуре — это смущающе и неловко (embarrassing)."
Permute,Переставлять / менять порядок,"There are many ways to permute the letters of the word cat (e.g., act, tca).","Созвучно с 'перемена' + 'мутация'. Представьте мутанта, у которого постоянно меняется порядок (permute) расположения генов."
Be Aware Of,Быть в курсе / знать о потенциальной опасности или правилах,Are you aware of the new rules regarding office hours?,"Созвучно с 'авария'. Водитель должен быть в курсе (be aware of) правил и дорожной обстановки, чтобы предотвратить аварию."
Have A Row,Громко ссориться / устраивать перепалку (брит.),My neighbors had a row last night that was so loud it woke me up.,Созвучно с 'ров' / 'рёв'. Соседи орали во весь рёв (have a row) и в разгаре ссоры выкопали ров между участками.
Have A Quarrel,Вступать в перепалку / ссориться с кем-то,The two best friends had a quarrel over a silly misunderstanding.,"Созвучно со словом 'квартал'. Друзья устроили такую громкую ссору (have a quarrel), что крики слышны на весь квартал."
Put Someone At Ease,Успокоить / помочь человеку расслабиться,The interviewer’s friendly tone helped put the candidate at ease.,От слова 'easy' (легко/просто). Буквально: перевести человека в состояние 'easy' — помочь ему расслабиться и успокоиться.
Compliance,Соблюдение правил / соответствие требованиям,The company is in full compliance with safety regulations.,"Созвучно с 'комплимент'. Представьте инспектора, который делает компании комплимент за строгое соблюдение (compliance) всех законов."
Retain,Сохранять / удерживать,It is important to retain your receipts for tax purposes.,"Созвучно с 'ретро' + 'тайна' (tain). Представьте, что вы сохраняете (retain) в памяти старую ретро-тайну и никому ее не рассказываете."
Containment,Сдерживание / ограничение распространения,The government worked on the containment of the virus.,"Ассоциация с 'контейнер'. Представьте опасный вирус, который заперли в прочный контейнер для сдерживания (containment) его распространения."
Regarding,Касательно / относительно,I am writing to you regarding your recent application.,"Созвучно с городом 'Рига'. Представьте, что вы пишете отчет касательно (regarding) вашей командировки в Ригу."
Consent,Согласие / разрешение,You must give your consent before the doctor starts the surgery.,"Созвучно с 'сенсор'. Представьте прибор, который реагирует только тогда, когда вы даете свое согласие (consent), прикоснувшись к сенсору."
Clauses,Пункты договора / статьи документа,Please read the small clauses at the bottom of the contract.,"Ассоциация с 'Санта-Клаус'. Представьте Санту, который читает пункты (clauses) в списке подарков для детей."
Rectify,Исправлять / устранять ошибку или дефект,We will take action immediately to rectify the error on your bill.,Созвучно с 'ректор' + 'факты'. Ректор лично проверяет факты и исправляет (rectify) все допущенные ошибки в отчете.
Liable,Юридически ответственный / подлежащий уплате,"If you break the window, you are liable for the cost of the repair.","Созвучно с 'лай'. Если ваша собака подняла громкий лай и напугала прохожего, вы несете юридическую ответственность (liable)."
Milieu,Социальная среда / окружение,He grew up in a very creative milieu surrounded by artists.,"Созвучно с 'миля'. Представьте творческую атмосферу, которая царит на милю (milieu) вокруг художественной мастерской."
Espoused,Придерживаться (взглядов/идей) / публично поддерживать,She has always espoused the importance of organic farming.,"Созвучно с 'spouse' (супруг/супруга). Представьте, что вы полностью поддерживаете (espouse) и разделяете убеждения своего супруга."
Paucity,Скудость / острая нехватка / дефицит,There is a paucity of evidence to support his claims.,Созвучно с 'пауза' + 'сито'. Из-за острой нехватки (paucity) муки в сите в пекарне наступила долгая пауза.
Augment,Увеличивать / усиливать / дополнять,He took a second job to augment his monthly income.,"Созвучно со словом 'аргумент'. Привести весомый аргумент, чтобы усилить и дополнить (augment) позицию в споре."
Leverage,Использовать как рычаг / извлекать выгоду из преимуществ,We can leverage our strong social media presence to drive more sales.,"Созвучно с 'левый рычаг'. Нажать на левый рычаг (lever), чтобы использовать свое преимущество (leverage) по максимуму."
Neat,Аккуратный / опрятный (или отличный),Her desk is always very neat and well-organized.,"Созвучно с 'нити'. Представьте коробку, где все швейные нити аккуратно и опрятно (neat) разложены по цветам."
Reluctant,Неохотный / сомневающийся,He was reluctant to sign the contract before reading all the clauses.,"Созвучно со словом 'реле'. Представьте старое реле, которое с большой неохотой и скрипом (reluctant) переключает контакты."
Wholesale,Оптовый / оптовая торговля,The shop buys its stock at wholesale prices and sells it for a profit.,"От 'whole' (весь) + 'sale' (распродажа). Представьте, что вы покупаете весь склад целиком по оптовой (wholesale) цене."
Attend,Посещать / присутствовать,Many experts will attend the conference on clinical trials next month.,"Созвучно с 'тент'. Представьте выставку под открытым небом, где все гости стоят под большим тентом, чтобы посетить (attend) мероприятие."
Get On,Ладить с кем-то / садиться на транспорт / продолжать,We need to get on the train before it leaves. / I get on very well with my roommate.,Ассоциация с 'он' (включен/наверху). 1) Забраться на транспорт; 2) Быть 'на одной волне' с кем-то (ладить); 3) Продолжать движение.
Fall Out,Поссориться / выпасть,They fell out last year and haven't spoken since.,"Буквально: 'выпасть'. Представьте друга, который выпал (fall out) из окна или из вашей компании после крупной ссоры."
Lit Up,Засиять / осветиться от радости или света,The sky lit up with fireworks at midnight. / Her face lit up when she heard the news.,"От 'light' (свет) + 'up' (вверх). Представьте фейерверк, который взлетает вверх и освещает (lit up) все небо."
Amplify,"Усиливать (звук, чувства, эффект)",The crisis served to amplify existing fears about the economy.,"Ассоциация с физической величиной 'Ампер'. Представьте прибор, который увеличивает силу тока в амперах, чтобы усилить (amplify) звук."
Lavish,Роскошный / щедро осыпать,The hotel offered a lavish breakfast buffet.,"Созвучно с 'лавина'. Представьте лавину дорогих подарков и роскоши (lavish), которая обрушивается на человека."
Chore,Рутинная работа / скучная обязанность,Vacuuming the house is my least favorite chore.,"Созвучно с 'хор'. Представьте ребенка, которого заставляют петь в хоре, и для него это скучная домашняя обязанность (chore)."
Bugging Me,Досаждать / раздражать (или устанавливать жучок),It’s really bugging me that I can't find my keys.,"Ассоциация с 'жук' (bug). Представьте мелкого жука, который ползает по вам и жутко раздражает (bugging me), или шпионский жучок."
Meet Up,Встречаться / собираться вместе,Let’s meet up at the park at 2:00 PM.,"Созвучно с 'митинг'. Представьте группу людей, которая собирается на митинг, чтобы встретиться (meet up)."
Have A Lot In Common,Иметь много общего,"We have a lot in common, like our love for jazz.","Ассоциация со словом 'коммуна' (общее пространство). Представьте людей в коммуне, у которых много общего (have in common)."
Help Out,Выручать / помогать,Thanks for helping out with the heavy lifting.,"Буквально: 'помочь наружу'. Представьте, что вы протягиваете руку другу, чтобы помочь ему выбраться (help out) из ямы."
Keep In Touch,Поддерживать связь,We promised to keep in touch after graduation.,Буквально: 'держать контакт (касание)'. Поддерживать связь с кем-то.
Make Friends,Заводить друзей,It's easy to make friends if you join a sports club.,Буквально: 'заводить (делать) друзей'.
Have An Argument,Спорить / ссориться,They had an argument about where to go on holiday.,"Ассоциация с 'аргумент'. Представьте двух людей, которые спорят (have an argument), яростно кидаясь аргументами."
Once In A Blue Moon,Очень редко / раз в сто лет,My brother calls me only once in a blue moon.,"Буквально: 'однажды при синей луне'. Синее полнолуние — редчайшее явление, отсюда значение: очень редко."
White Elephant,"Бесполезная, но дорогая вещь",That new stadium is a white elephant; it’s never used.,"Буквально: 'белый слон'. История о короле Сиама, который дарил редких белых слонов врагам: слона нельзя использовать для работы, а кормить безумно дорого. Бесполезная, но дорогая вещь."
Resides,Проживать / постоянно обитать,The CEO currently resides in London but travels to the New York office often.,Ассоциация со словом 'резиденция'. Президент постоянно живет (resides) в своей загородной резиденции.
Bother,Беспокоить / отвлекать,"I'm sorry to bother you, but do you have a minute to check this code?","Созвучно с 'brother' (брат). Представьте младшего брата, который постоянно вас отвлекает и беспокоит (bother)."
Handled,Справляться / выдерживать / руководить,She handled the difficult client with great patience and professionalism.,Ассоциация со словом 'hand' (рука). Взять дело в свои руки и успешно справиться (handle) с ним.
Fabulous,Сказочный / потрясающий,You did a fabulous job on the presentation; everyone was very impressed.,"Созвучно с 'фабула' (сюжет басни/сказки). Представьте сказочный, потрясающий (fabulous) замок из фэнтези."
Attendant,"Обслуживающее лицо / сопровождающий (например, стюард)",The flight attendant reminded the passengers to fasten their seatbelts.,"Тот, кто уделяет вам внимание (attend) во время полета или мероприятия (помощник, стюард)."
Oversight,Оплошность / упущение (или надзор),"Due to a small oversight, the meeting time was recorded incorrectly.","От 'over' (над/сквозь) + 'sight' (взгляд). Посмотреть сквозь пальцы, случайно упустить из виду (oversight) ошибку."
Facilitate,Облегчать / способствовать процессу,The new software will facilitate faster data sharing between departments.,"Созвучно со словом 'факультет'. Факультет в университете создан для того, чтобы облегчать (facilitate) студентам получение знаний."
Contiguous,Сопредельный / смежный / прилегающий,"The survey covers the 48 contiguous states of the US, excluding Alaska and Hawaii.","Созвучно с 'контакт' + 'гусь'. Представьте двух гусей, которые стоят вплотную друг к другу, соприкасаясь (contiguous) крыльями."
Cues,Сигналы / намеки / подсказки,The speaker watched the audience for visual cues to see if they were bored.,"Созвучно со словом 'кий' для бильярда. Представьте, что кий дает первый толчок (cue) шару — как намек или сигнал к действию."
Amendments,Поправки / изменения в документе,There were several amendments made to the contract before it was signed.,"Созвучно со словом 'аминь'. Представьте юристов, которые внесли правки (amendments) в закон, сказали 'аминь' и подписали его."
Intermittent,Прерывистый / периодический,The forecast predicts intermittent rain showers throughout the afternoon.,"Созвучно с 'интервал' + 'минуты'. Дождь идет с интервалом в несколько минут, то есть прерывисто (intermittent)."
Craving,Страстное желание / сильная тяга,"After a long week of dieting, I have a massive craving for chocolate.","Созвучно со словом 'креветки'. Представьте беременную женщину, у которой возникло безумное желание (craving) съесть килограмм креветок."
Ripple,Мелкая волна / эффект распространения (эффект домино),The news of the merger created a ripple of excitement throughout the office.,"Созвучно со словом 'рип' (в значении рвать). Представьте, как брошенный камень 'рвет' гладь воды, создавая мелкие волны (ripple)."
Implied,Подразумеваемый / негласный,"Although he didn't say ""no,"" his silence implied that he didn't agree.","Созвучно со словом 'импульс'. Человек не говорит прямо, но посылает импульс, который подразумевает (implied) определенный ответ."
Resort,Курорт / прибежище (или прибегать к чему-то),We spent our summer vacation at a beautiful ski resort in the Alps.,"Ассоциация со словом 'резорт' (курорт, отель). Место, куда люди едут отдыхать."
Barge,Баржа (грузовое речное судно),The barge moved slowly down the river carrying tons of coal.,Созвучно с русским словом 'баржа'. Длинная плоская грузовая лодка.
Cable Car,Канатная дорога / фуникулер / вагончик,We took the cable car to the top of the peak to see the sunset.,Буквально: 'машина на кабеле'. Подвесная кабина/вагончик канатной дороги.
Coach,Междугородний автобус (или карета / тренер),The football team traveled to the away game in a private coach.,Ассоциация с каретой (откуда пошло слово coach в значении автобуса). Комфортабельный автобус для дальних поездок.
Ferry,Паром,We took the ferry from England to France across the channel.,"Созвучно со словом 'фея'. Представьте фею, которая взмахом палочки переносит машины и людей через пролив (паром - ferry)."
Glider,Планер (безмоторный самолет),It was very quiet flying in the glider since there was no engine noise.,"От 'glide' (скользить). Летательный аппарат (планер), который скользит по потокам воздуха без мотора."
Hovercraft,Судно на воздушной подушке,The hovercraft is the fastest way to cross the shallow marshlands.,От 'hover' (парить в воздухе) + 'craft' (судно). Судно на воздушной подушке.
Lorry / Truck,Грузовик / фура,The lorry was filled with boxes of fresh fruit for the supermarket.,"Созвучно с именем 'Лора'. Представьте девушку Лору, которая лихо управляет огромным грузовиком (lorry)."
Maglev Train,Поезд на магнитной подушке,The Maglev train in Shanghai can reach speeds over 400 km/h.,От 'magnetic' (магнитный) + 'levitation' (левитация). Поезд на магнитной подушке.
Quad Bike,Квадроцикл,We went racing on a quad bike through the muddy forest trails.,От 'quad' (четыре) + 'bike' (байк). Четырехколесный внедорожный мотоцикл (квадроцикл).
Gruelling,Изнурительный / изматывающий,"The marathon was gruelling, but she managed to finish the race.","Созвучно со словом 'груз'. Представьте, что вы тащите тяжелый груз в гору в течение 5 часов — это изнурительный (gruelling) труд."
Redundant,Избыточный / ненужный / сокращённый,Modern computers have made the old floppy disk completely redundant.,Созвучно со словом 'редут' (военное укрепление). В современную эпоху дронов старые земляные редуты стали избыточными (redundant) и ненужными.
Misleading,Вводящий в заблуждение,The advertisement was misleading because the product was much smaller.,"От 'mis-' (ошибка) + 'lead' (вести). Вести по ложному следу, вводить в заблуждение (misleading)."
Toggle,Переключать (режимы) / тумблер,You can toggle the dark mode setting in the app’s menu.,"Созвучно со словом 'тугой'. Представьте тугой тумблер-переключатель (toggle), который вы со щелчком переводите из режима ON в OFF."
Persist,Упорствовать / продолжать существование,"If the error message continues to persist, please restart your computer.","Созвучно со словом 'персик'. Представьте персиковое дерево, которое упорно продолжает расти (persist) на сухих камнях вопреки жаре."
Allies,Союзники / партнёры,The two companies became allies to fight against their bigger competitor.,"Созвучно со словом 'Аллея'. Представьте лидеров стран-союзников (allies), которые мирно гуляют по аллее и подписывают пакт."
Convey,"Передавать / выражать (мысль, чувство)",A good visualization should convey the main findings at a single glance.,"Созвучно со словом 'конвейер'. Представьте конвейер, который непрерывно передает и доставляет (convey) посылки с мыслями."
Shallow,Неглубокий / мелководный,"The water is quite shallow near the shore, so it's safe for children.","Созвучно со словом 'шалаш'. Представьте шалаш с очень низкой и неглубокой (shallow) крышей, под которую приходится заползать."
Obligation,Обязательство / юридический долг,"Under the contract, we have an obligation to deliver the report by Friday.",Ассоциация со словом 'облигация'. Покупка ценной бумаги (облигации) накладывает на эмитента долг и обязательство (obligation) вернуть деньги.
Pale,Бледный / тусклый,She looked very pale after the long flight.,"Созвучно со словом 'палец'. Представьте, что вы сильно прищемили палец дверью, и он мгновенно побледнел (pale)."
Entice,Завлекать / приманивать,The sign-up bonus was designed to entice more users to the platform.,"Созвучно со словом 'анчоус'. Представьте, что вы пытаетесь приманить и завлечь (entice) кота, предлагая ему вкусный анчоус."
Persuade,Убеждать / склонять к решению,I managed to persuade the team to adopt the new modular workflow.,"Созвучно с 'персона' + 'убеждать' (suade). Представьте, что вы долго уговариваете важную персону (persuade) поехать с вами."
Whisper,Шептать / говорить шепотом,She had to whisper so she wouldn't wake up the baby sleeping nearby.,"Созвучно со словом 'виски'. Представьте двух шпионов в баре, которые пьют виски и шепчутся (whisper) о секретном задании."
Adjacent,Смежный / прилегающий / соседний,"The breakroom is adjacent to the main office, making it easy to grab coffee.","Созвучно со словом 'адъютант'. Адъютант всегда находится рядом, в соседнем (adjacent) кабинете со своим генералом."
Hesitant,Сомневающийся / нерешительный,He was hesitant to speak up during the meeting.,"Созвучно со словом 'хаза' (на сленге — дом, притон). Представьте грабителя, который сомневается (hesitant) и топчется перед входом на опасную хазу."
Dedicated,Преданный делу / выделенный,She is dedicated to her work and always stays late.,"Созвучно со словом 'дедик' (на IT-сленге — выделенный сервер, dedicated server). Представьте преданного (dedicated) своему делу админа, который всю ночь настраивает выделенный сервер (дедик)."
Jealous,Ревнивый / завистливый,He was jealous of his brother's new car.,"Созвучно со словом 'желе'. Представьте человека, который так сильно ревнует (jealous) свою половинку, что его буквально трясет от злости, как желе."
Accomplished,Квалифицированный / опытный / успешный,She is an accomplished pianist with years of practice.,"Созвучно со словом 'комплимент'. Представьте опытного, успешного пианиста (accomplished), которому после концерта делают заслуженные комплименты."
Blackmail,Шантаж / вымогательство,They were found guilty of blackmail and sent to prison.,От 'black' (черный) + 'mail' (почта). Получить черное анонимное письмо с угрозами и требованием денег (шантаж - blackmail).
Neglect,Пренебрегать / оставлять без ухода,The old house was neglected and started to fall apart.,"Созвучно с 'не' + 'гладить' (glect). Если вы перестанете гладить и кормить кота, это будет считаться пренебрежением (neglect) и плохим уходом."
Adolescents,Подростки / юноши и девушки,Adolescents often face peer pressure at school.,"Созвучно со словами 'адовый возраст'. Подростки (adolescents) проходят через сложный переходный период, который родители часто называют 'адовым возрастом'."
Malignant,Злокачественный / опасный для жизни,The doctor successfully removed the malignant tumor.,"Созвучно со словом 'малина'. Представьте куст гнилой, зараженной малины, на котором растет опасная, злокачественная (malignant) опухоль."
Comorbid,Сопутствующий (о нескольких заболеваниях одновременно),Depression and anxiety are often comorbid conditions.,От 'co-' (совместно) + 'morbid' (болезненный/смертельный). Когда у одного пациента одновременно протекают два сопутствующих (comorbid) заболевания.
Fatigue,Сильная усталость / истощение,He was suffering from extreme fatigue after the long journey.,"Созвучно с 'фата' + 'гиря'. Представьте невесту в пышной фате, которая вынуждена тащить за собой тяжелую гирю и падает от сильной усталости (fatigue)."
Pertain,Относиться к делу / касаться,Please ensure your questions pertain to the topic being discussed.,"Созвучно со словом 'перст' (палец). Представьте судью, который указывает перстом только на те документы, которые относятся (pertain) к делу."
Intended,Предназначенный / запланированный,The book didn't reach its intended audience.,"Созвучно со словом 'интенция' (намерение/замысел). Книга попала в руки того читателя, для которого она изначально предназначалась (intended)."
Inevitable,Неизбежный / неминуемый,"With the current economic situation, a recession seems inevitable.","Созвучно с 'неизбежно' + 'витать'. Представьте, что над городом нависли грозовые тучи — дождь неизбежен (inevitable), запах грозы уже витает в воздухе."
Bespoke,Сделанный на заказ / индивидуальный,The firm specializes in bespoke software solutions tailored to client needs.,"Созвучно с 'без помарки' / 'be spoke'. Мастер сказал (spoke), что вещь будет сшита индивидуально и без помарки (bespoke)."
Incorporate,Включать в состав / объединять / внедрять,We need to incorporate user feedback into the latest design iteration.,Созвучно со словом 'корпорация'. Крупная корпорация стремится включить и объединить (incorporate) новые идеи в свою работу.
Prospectively,В перспективе / проспективно (на будущее),The study was designed to prospectively monitor patient health over five years.,Созвучно со словом 'проспект'. Смотреть вперед по длинному проспекту — планировать исследования на будущее (prospectively).
Exacerbate,Усугублять / обострять проблему,High stress levels can exacerbate symptoms of chronic fatigue.,"Созвучно с 'экс-цербер'. Представьте, что экс-цербер начинает рычать и еще больше усугубляет (exacerbate) тяжелую ситуацию."
Scrutinize,Тщательно исследовать / пристально изучать,The auditors will scrutinize every financial transaction from last year.,Созвучно со словом 'скрупулезно'. Скрупулезно и пристально изучать (scrutinize) каждую деталь документа.
Ambivalent,Двойственный / испытывающий противоречивые чувства,He felt ambivalent about moving to a new city for work.,Созвучно с 'амбивалентность' / 'эквивалент'. Когда два противоположных чувства имеют равный вес (ambivalent).
Conscientious,Добросовестный / сознательный / исполнительный,She is a conscientious worker who always double-checks her calculations.,"Созвучно со словом 'совесть' (conscience). Человек, который делает всё по совести и добросовестно (conscientious)."
Disparate,Совершенно несхожий / несопоставимый / разрозненный,The team collected data from disparate sources to form a complete overview.,Созвучно с 'диспропорция' + 'аппарат'. Совершенно несхожие (disparate) детали от разных аппаратов невозможно соединить из-за диспропорции.
Imperative,Крайне важный / обязательный к исполнению,It is imperative that we deliver the security patch immediately.,Созвучно со словом 'император'. Приказ императора является крайне важным и обязательным (imperative).
Substantiate,Обосновать / подкрепить доказательствами,You need to substantiate your argument with empirical data.,Созвучно со словом 'субстанция'. Добавить реальную материальную субстанцию — значит подкрепить (substantiate) фактами.
Ubiquitous,Вездесущий / повсеместно встречающийся,Smartphones have become ubiquitous in modern society.,"Созвучно с 'убивать' + 'кит'. Представьте вездесущие (ubiquitous) баннеры 'Уберечь кита!', которые висят абсолютно повсюду в городе."
Pragmatic,Прагматичный / практичный / ориентированный на дело,We need a pragmatic solution rather than an ideal theoretical concept.,Созвучно с 'прагматизм' / 'практика'. Человек отбрасывает пустую теорию и ищет чисто практическое (pragmatic) решение.
Disseminate,"Распространять (информацию, знания)",The research center aims to disseminate findings to the public.,"Созвучно со словом 'семена'. Подобно тому как сеют семена, распространять (disseminate) знания везде."
Precarious,Шаткий / рискованный / ненадёжный (о положении),The company was in a precarious financial position after the market crash.,"Созвучно с 'пекарь' + 'риск'. Представьте пекаря, балансирующего на шаткой (precarious) стремянке над горячей печью."
Equivocal,Неоднозначный / двусмысленный,"The test results were equivocal, so further testing was required.","От 'equi' (равно) + 'vocal' (голос). Голоса за и против равны, поэтому результат неоднозначный (equivocal)."
Constraint,Ограничение / сдерживающий рамки фактор,Time constraints forced us to reduce the scope of the project.,"Созвучно с 'конь' + 'стреножить'. Представьте коня, которого стреножили (constraint), создав жесткое ограничение на его движение."
Benchmark,Эталон / ориентир для сравнения,Our service speed sets a new benchmark for the entire industry.,Созвучно со словом 'скамейка' (bench) + 'метка' (mark). Отметка на скамейке мастерской как эталон (benchmark) высоты.
Pivotal,Ключевой / решающий / поворотный,Customer feedback played a pivotal role in shaping the new product features.,"Созвучно со словом 'пивот' (ось/поворот). Решение, вокруг которого, как вокруг оси (pivot), поворачивается весь исход — ключевой (pivotal) момент."
Elucidate,Разъяснять / проливать свет на что-либо,The report helped elucidate the root causes of the system failure.,"Созвучно со словом 'люстра' / 'lucid' (светлый). Включить люстру, чтобы пролить свет и разъяснить (elucidate) вопрос."
