Word,General Meaning,Example Sentence,Mnemonic Rule
Acquire,To gain something; to buy or obtain.,The museum hopes to acquire a rare painting next year.,"Созвучно с 'аквариум' или 'акция'. Представьте, что вы приобретаете (acquire) акции компании, чтобы получить прибыль."
Adjust,To change something slightly to make it more suitable.,You may need to adjust the camera settings for better light.,"Созвучно с 'джаз'. Представьте музыканта, который подстраивает (adjust) инструмент перед игрой джаза."
Allocate,To distribute (resources or duties) for a particular purpose.,They must allocate funds carefully for the new project.,"Созвучно с 'локация'. Представьте менеджера, который распределяет (allocate) ресурсы по разным локациям."
Anticipate,To regard as probable; expect or predict.,We anticipate high demand for the new smartphone.,"Созвучно с 'антибиотик'. Представьте врача, который ожидает (anticipate) улучшений после курса антибиотиков."
Appreciate,To recognize the full worth of; to be grateful for.,I appreciate your honesty regarding the situation.,"Созвучно с 'абрикос'. Представьте, как вы цените (appreciate) вкусный свежий абрикос зимой."
Assert,To state a fact or belief confidently and forcefully.,She must assert her authority in the meeting.,"Созвучно с 'ассорти'. Представьте продавца, который твердо утверждает (assert), что его конфеты ассорти — лучшие."
Assume,"To suppose to be the case, without proof.",We cannot assume that the problem will solve itself.,"Созвучно с 'сумма'. Представьте, что вы предполагаете (assume), какой будет итоговая сумма в чеке."
Challenge,To question the truth or validity of.,The politician vowed to challenge the new legislation.,Ассоциация со словом 'челлендж'. Бросать вызов (challenge) самому себе или устоявшимся правилам.
Comprehend,To understand.,It took a moment to comprehend the complexity of the theory.,"Созвучно с 'компрессор'. Представьте, что вы пытаетесь понять (comprehend), как работает сложный компрессор."
Conclude,To arrive at a judgment or opinion by reasoning.,"After the evidence, the jury had to conclude a verdict.","Созвучно с 'конкурент'. Жюри делает вывод (conclude) о том, кто из конкурентов лучше."
Conduct,To organize and carry out (an activity).,The firm will conduct a thorough review of its policies.,"Созвучно с 'кондуктор'. Представьте кондуктора, который руководит и проводит (conduct) сбор билетов в автобусе."
Confine,To restrict or keep within limits.,They had to confine the dog to one room after surgery.,"Созвучно с 'конфета'. Представьте строгую маму, которая ограничивает (confine) ребенка в употреблении конфет."
Contribute,To give (something) in order to help achieve or provide something.,She hopes to contribute to the local charity this year.,"Созвучно с 'трибуна'. Представьте оратора, который делает свой вклад (contribute) в дискуссию, выступая с трибуны."
Convey,To communicate (a message or information).,The painting failed to convey a sense of peace.,"Созвучно с 'конвейер'. Представьте конвейер, который непрерывно передает (convey) идеи и сообщения."
Dare,To have the courage to do something.,I didn't dare to ask him what was wrong.,"Созвучно с 'дар'. Представьте человека, который имеет смелость (dare) принять опасный дар от незнакомца."
Declare,To state officially or formally.,He decided to declare his intentions to run for office.,Ассоциация со словом 'декларация'. Официально заявлять (declare) о своих доходах.
Deduct,To subtract or take away.,The accountant will deduct expenses from the total income.,"Ассоциация с 'дедукция'. Представьте Шерлока Холмса, который вычитает (deduct) ложные факты, чтобы найти истину."
Demonstrate,To show or prove something clearly.,The scientist must demonstrate his findings in the lab.,Ассоциация с 'демонстрация'. Наглядно показывать и демонстрировать (demonstrate) что-либо.
Devise,To plan or invent (a complex procedure or system).,The engineers had to devise a new system for drainage.,"Созвучно с 'девайс'. Представьте инженера, который разрабатывает и придумывает (devise) новый умный девайс."
Diminish,To make or become less.,The pain began to diminish after the medication.,"Созвучно с 'мини'. Представьте, как что-то большое уменьшается (diminish) до мини-размеров."
Distinguish,To recognize or point out a difference.,Can you distinguish between the two wine varieties?,"Созвучно с 'диск' + 'тинго'. Представьте, что вам нужно различить (distinguish) два одинаковых диска."
Embrace,"To accept or support (a belief, theory, or change) willingly.",The company decided to embrace the new technology.,"Созвучно с 'браслет'. Представьте, как браслет охватывает (embrace) вашу руку, как символ принятия."
Emerge,To move out of or away from something and become visible.,A rare flower will emerge after the spring rain.,"Созвучно с 'морж'. Представьте моржа, который неожиданно появляется, всплывая (emerge) из ледяной воды."
Enhance,"To intensify, increase, or further improve the quality of.",They used a filter to enhance the colours in the photo.,"Созвучно с 'хан'. Представьте великого хана, который улучшает и усиливает (enhance) свою армию."
Estimate,"To roughly calculate or judge the value, number, or quantity of.",We need to estimate the cost before we begin construction.,"Ассоциация с 'эстимейт'. Представьте сметчика, который оценивает (estimate) стоимость ремонта."
Examine,To inspect (someone or something) in detail.,The doctor needs to examine the patient thoroughly.,"Ассоциация с 'экзамен'. Представьте преподавателя, который тщательно проверяет (examine) ваши знания."
Exceed,To be greater than a number or amount.,Do not exceed the recommended speed limit.,"Созвучно с 'икс' + 'сид'. Представьте гонщика, который превышает (exceed) скорость на неизвестной машине X."
Exhaust,To use up (resources or reserves) completely.,We must conserve water or we will exhaust our supply.,"Созвучно с 'выхлоп' (exhaust). Представьте автомобиль, который исчерпал (exhaust) топливо и выпустил последний выхлоп."
Generate,To produce or create.,The new proposal should generate a lot of interest.,Ассоциация с 'генератор'. Производить и генерировать (generate) идеи или энергию.
Hinder,To create difficulties for (someone or something).,Heavy snow will hinder our progress on the road.,"Созвучно с 'хиндер' (киндер). Представьте, что любовь к киндер-сюрпризам мешает (hinder) вашей диете."
Identify,To establish or indicate who or what (someone or something) is.,The police used DNA to identify the suspect.,Ассоциация с 'идентификация'. Распознавать и идентифицировать (identify) личность.
Illustrate,To explain or make (something) clear by using examples.,The speaker used a chart to illustrate his main point.,Ассоциация с 'иллюстрация'. Иллюстрировать (illustrate) и объяснять на примерах.
Implement,"To put (a decision, plan, or agreement) into effect.",The new policies will be implemented next month.,"Ассоциация с 'имплант'. Представьте хирурга, который внедряет (implement) новый имплант или технологию."
Indicate,To point out or show.,The results clearly indicate a need for immediate change.,"Ассоциация с 'индикатор'. Прибор, который указывает (indicate) на уровень заряда."
Justify,To show or prove to be right or reasonable.,How can you justify spending so much money on shoes?,"Созвучно с 'джаз'. Представьте музыканта, который оправдывает (justify) свою ошибку тем, что это джазовая импровизация."
Maintain,To keep (something) at an appropriate level or standard.,It is crucial to maintain a healthy work-life balance.,"Созвучно с 'монтаж'. Представьте монтажника, который поддерживает (maintain) оборудование в рабочем состоянии."
Modify,To make partial or minor changes to (something).,We need to modify the car's engine for better performance.,Ассоциация с 'модификация'. Видоизменять и модифицировать (modify) машину для гонок.
Neglect,To fail to take care of properly.,You should never neglect your duties as a parent.,"Созвучно с 'не' + 'гладить' (glect). Представьте кота: если его не гладить, это будет пренебрежением (neglect) его чувствами."
Overcome,To succeed in dealing with (a problem or difficulty).,She worked hard to overcome her fear of flying.,От 'over' (сверх) и 'come' (приходить). Преодолеть (overcome) все преграды и прийти к цели.
Perceive,To become aware or conscious of (something); to regard.,I perceive your silence as a sign of disagreement.,"Созвучно с 'персик'. Представьте, как вы воспринимаете (perceive) аромат спелого персика с закрытыми глазами."
Ponder,"To think about (something) carefully, especially before making a decision.",The leader will ponder the options before making a choice.,"Созвучно с 'пони'. Представьте человека, который глубоко размышляет (ponder) о том, стоит ли покупать пони."
Prioritize,To determine the order for dealing with (things) according to their relative importance.,You must prioritize urgent tasks over minor ones.,Ассоциация с 'приоритет'. Расставлять по приоритетам (prioritize) свои ежедневные задачи.
Reflect,To think deeply or carefully about.,We need time to reflect on the feedback we received.,Ассоциация с 'рефлектор' (отражатель). Отражать свет или глубоко размышлять (reflect) о прошлом.
Reject,"To dismiss as inadequate, unacceptable, or faulty.",The committee decided to reject the latest proposal.,Созвучно с 'реджект' (отказ). Отвергать (reject) неподходящую кандидатуру на собеседовании.
Resent,"To feel bitterness or indignation at (a circumstance, action, or person).",They may resent having to work on a Saturday.,"Созвучно с 'резинка'. Представьте, что в вас выстрелили из резинки, и вы возмущаетесь и обижаетесь (resent)."
Resolve,To settle or find a solution to (a problem).,The manager tried to resolve the dispute quickly.,"Созвучно с 'револьвер'. Представьте ковбоя на Диком Западе, который решает (resolve) проблему с помощью револьвера."
Sustain,To strengthen or support physically or mentally.,The athlete needs to sustain their energy throughout the race.,"Созвучно с 'сустав'. Представьте спортсмена, который принимает витамины, чтобы поддерживать (sustain) здоровье суставов."
Undergo,"To experience or be subjected to (something, usually unpleasant).",He will undergo surgery next week to repair his knee.,"От 'under' (под) и 'go' (идти). Проходить или подвергаться (undergo) испытанию, идя под давлением."
Undermine,To gradually weaken or damage.,Constant criticism will undermine a child's confidence.,"От 'under' (под) и 'mine' (мина). Подкладывать мину, чтобы подорвать (undermine) чей-то авторитет."
Utilize,To make practical and effective use of.,We should utilize the empty office space for storage.,Ассоциация с 'утилизация'. Находить полезное применение и использовать (utilize) переработанные материалы.
